{
  "benchmark_timestamp": "2025-09-25T08:33:40.533357",
  "baseline_performance": {
    "model_creation": 1.840014010667801e-05,
    "data_preparation": 0.0012788998428732157,
    "model_training": 0.1918007000349462,
    "batch_inference": 0.002089099958539009,
    "single_inference": 0.013489200035110116,
    "model_serialization": 0.002891700016334653
  },
  "ciaf_performance": {
    "model_creation": 0.00026979995891451836,
    "data_preparation": 0.002545200055465102,
    "model_training": 13.701348700094968,
    "batch_inference": 0.19521030015312135,
    "single_inference": 0.019090799847617745
  },
  "optimized_performance": {
    "model_creation": 0.00019620009697973728,
    "data_preparation": 0.0022967997938394547,
    "model_training": 13.711647399934009,
    "batch_inference": 0.17673439998179674,
    "single_inference": 0.017064200015738606
  },
  "deployment_performance": {
    "audit_export": 0.003044300014153123,
    "model_serialization": 0.05524599994532764,
    "manifest_creation": 0.0005240000318735838
  },
  "loading_performance": {
    "model_loading": 0.09081270010210574
  },
  "overhead_analysis": {
    "model_creation": {
      "baseline": 1.840014010667801e-05,
      "ciaf": 0.00026979995891451836,
      "overhead": 0.00025139981880784035,
      "overhead_percent": 1366.2929594574075
    },
    "data_preparation": {
      "baseline": 0.0012788998428732157,
      "ciaf": 0.002545200055465102,
      "overhead": 0.0012663002125918865,
      "overhead_percent": 99.01480711319641
    },
    "model_training": {
      "baseline": 0.1918007000349462,
      "ciaf": 13.701348700094968,
      "overhead": 13.509548000060022,
      "overhead_percent": 7043.534250708455
    },
    "batch_inference": {
      "baseline": 0.002089099958539009,
      "ciaf": 0.19521030015312135,
      "overhead": 0.19312120019458234,
      "overhead_percent": 9244.229765321506
    },
    "single_inference": {
      "baseline": 0.013489200035110116,
      "ciaf": 0.019090799847617745,
      "overhead": 0.005601599812507629,
      "overhead_percent": 41.52655307896397
    }
  },
  "model_info": {
    "algorithm": "RandomForestClassifier",
    "n_estimators": 100,
    "n_samples": 1000,
    "n_features": 20,
    "compliance_mode": "financial"
  },
  "optimization_gains": {
    "model_creation": {
      "standard_time": 0.00026979995891451836,
      "optimized_time": 0.00019620009697973728,
      "improvement_percent": 27.279419252283866
    },
    "data_preparation": {
      "standard_time": 0.002545200055465102,
      "optimized_time": 0.0022967997938394547,
      "improvement_percent": 9.759557449807444
    },
    "model_training": {
      "standard_time": 13.701348700094968,
      "optimized_time": 13.711647399934009,
      "improvement_percent": -0.07516559182943248
    },
    "batch_inference": {
      "standard_time": 0.19521030015312135,
      "optimized_time": 0.17673439998179674,
      "improvement_percent": 9.464613371749476
    },
    "single_inference": {
      "standard_time": 0.019090799847617745,
      "optimized_time": 0.017064200015738606,
      "improvement_percent": 10.615583674101686
    }
  }
}