{
  "benchmark_timestamp": "2025-09-19T10:02:10.270053",
  "baseline_performance": {
    "model_creation": 2.3099943064153194e-05,
    "data_preparation": 0.0010692999931052327,
    "model_training": 0.19915430003311485,
    "batch_inference": 0.002260700101032853,
    "single_inference": 0.014918599976226687,
    "model_serialization": 0.0029749999521300197
  },
  "ciaf_performance": {
    "model_creation": 0.00017090002074837685,
    "data_preparation": 0.002319199964404106,
    "model_training": 13.442104600020684,
    "batch_inference": 0.19871589995454997,
    "single_inference": 0.020193499978631735
  },
  "optimized_performance": {
    "model_creation": 0.00016439997125416994,
    "data_preparation": 0.0022711000638082623,
    "model_training": 13.448131300043315,
    "batch_inference": 0.17516139999497682,
    "single_inference": 0.017910300055518746
  },
  "deployment_performance": {
    "audit_export": 0.003320600022561848,
    "model_serialization": 0.006568599957972765,
    "manifest_creation": 0.0005415000487118959
  },
  "loading_performance": {
    "model_loading": 0.2902271000202745
  },
  "overhead_analysis": {
    "model_creation": {
      "baseline": 2.3099943064153194e-05,
      "ciaf": 0.00017090002074837685,
      "overhead": 0.00014780007768422365,
      "overhead_percent": 639.8287531434735
    },
    "data_preparation": {
      "baseline": 0.0010692999931052327,
      "ciaf": 0.002319199964404106,
      "overhead": 0.0012498999712988734,
      "overhead_percent": 116.88955198336632
    },
    "model_training": {
      "baseline": 0.19915430003311485,
      "ciaf": 13.442104600020684,
      "overhead": 13.24295029998757,
      "overhead_percent": 6649.592952693247
    },
    "batch_inference": {
      "baseline": 0.002260700101032853,
      "ciaf": 0.19871589995454997,
      "overhead": 0.19645519985351712,
      "overhead_percent": 8690.015971767418
    },
    "single_inference": {
      "baseline": 0.014918599976226687,
      "ciaf": 0.020193499978631735,
      "overhead": 0.005274900002405047,
      "overhead_percent": 35.35787547632342
    }
  },
  "model_info": {
    "algorithm": "RandomForestClassifier",
    "n_estimators": 100,
    "n_samples": 1000,
    "n_features": 20,
    "compliance_mode": "financial"
  },
  "optimization_gains": {
    "model_creation": {
      "standard_time": 0.00017090002074837685,
      "optimized_time": 0.00016439997125416994,
      "improvement_percent": 3.803422296698955
    },
    "data_preparation": {
      "standard_time": 0.002319199964404106,
      "optimized_time": 0.0022711000638082623,
      "improvement_percent": 2.073986777082525
    },
    "model_training": {
      "standard_time": 13.442104600020684,
      "optimized_time": 13.448131300043315,
      "improvement_percent": -0.04483449729011274
    },
    "batch_inference": {
      "standard_time": 0.19871589995454997,
      "optimized_time": 0.17516139999497682,
      "improvement_percent": 11.8533544446924
    },
    "single_inference": {
      "standard_time": 0.020193499978631735,
      "optimized_time": 0.017910300055518746,
      "improvement_percent": 11.306608193374178
    }
  }
}