{
  "test_timestamp": 1758293727.0387638,
  "test_config": {
    "item_count": 100,
    "standard_config": {
      "storage_path": "C:\\Users\\Denzi\\AppData\\Local\\Temp\\tmpg64_4vn6\\standard",
      "use_compression": false,
      "backup_enabled": false
    },
    "optimized_config": {
      "storage_path": "C:\\Users\\Denzi\\AppData\\Local\\Temp\\tmpg64_4vn6\\optimized",
      "enable_lazy_materialization": true,
      "fast_inference_mode": true,
      "memory_buffer_size": 1000,
      "db_connection_pool_size": 5,
      "enable_async_writes": true,
      "batch_write_size": 50
    }
  },
  "standard_results": {
    "save_time": 0.04150409996509552,
    "load_time": 0.40729760006070137,
    "list_time": 0.2803465999895707,
    "total_time": 0.7291483000153676,
    "items_count": 100,
    "avg_save_time": 0.0004150409996509552,
    "avg_load_time": 0.008145952001214027,
    "items_saved": 100,
    "items_loaded": 50,
    "items_listed": 100
  },
  "optimized_results": {
    "save_time": 0.22651079995557666,
    "load_time": 4.0599959902465343e-05,
    "list_time": 0.001394100021570921,
    "total_time": 0.22794549993705004,
    "items_count": 100,
    "avg_save_time": 0.0022651079995557664,
    "avg_load_time": 8.119991980493069e-07,
    "items_saved": 100,
    "items_loaded": 50,
    "items_listed": 100
  },
  "improvements": {
    "save_improvement_percent": -445.75523899101455,
    "load_improvement_percent": 99.99003186861488,
    "total_improvement_percent": 68.73811542422223
  },
  "optimized_stats": {
    "cache_hit_rate": 1.0,
    "cache_hits": 50,
    "cache_misses": 0,
    "total_saves": 100,
    "avg_save_time": 0.002262073007877916,
    "buffer_flushes": 0,
    "cached_items": 100,
    "uptime": 0.2284557819366455
  }
}