{
  "benchmark_timestamp": "2025-09-19T11:07:27.806344",
  "sklearn_available": true,
  "ciaf_available": true,
  "results": {
    "standard_ciaf_training_time": 10.751790523529053,
    "high_performance_training_time": 10.668657064437866,
    "adaptive_training_time": 14.126110076904297,
    "standard_ciaf_single_predictions": {
      "total_time": 0.129530668258667,
      "average_time": 0.0012953066825866699,
      "min_time": 0.0009920597076416016,
      "max_time": 0.0030133724212646484,
      "std_time": 0.00048631246040204193,
      "samples": 100
    },
    "high_performance_single_predictions": {
      "total_time": 0.44502735137939453,
      "average_time": 0.004450273513793945,
      "min_time": 0.002999544143676758,
      "max_time": 0.01000070571899414,
      "std_time": 0.0011500282981904664,
      "samples": 100
    },
    "adaptive_single_predictions": {
      "total_time": 0.6269333362579346,
      "average_time": 0.006269333362579346,
      "min_time": 0.002999544143676758,
      "max_time": 0.11104893684387207,
      "std_time": 0.010860318784326108,
      "samples": 100
    },
    "standard_ciaf_batch_predictions": {
      "total_time": 0.06774115562438965,
      "average_per_sample": 0.001354823112487793,
      "batch_size": 50,
      "throughput": 738.1037353014673
    },
    "high_performance_batch_predictions": {
      "total_time": 0.274874210357666,
      "average_per_sample": 0.00549748420715332,
      "batch_size": 50,
      "throughput": 181.90138658312125
    },
    "adaptive_batch_predictions": {
      "total_time": 0.24352025985717773,
      "average_per_sample": 0.0048704051971435545,
      "batch_size": 50,
      "throughput": 205.32172571318918
    },
    "priority_handling": {
      "critical": {
        "average_time": 0.004249715805053711,
        "modes_used": [
          "immediate"
        ],
        "samples": 10
      },
      "high": {
        "average_time": 0.004099845886230469,
        "modes_used": [
          "deferred"
        ],
        "samples": 10
      },
      "normal": {
        "average_time": 0.0043001890182495115,
        "modes_used": [
          "deferred"
        ],
        "samples": 10
      },
      "low": {
        "average_time": 0.006999969482421875,
        "modes_used": [
          "deferred"
        ],
        "samples": 10
      }
    },
    "standard_ciaf_stats": {
      "total_predictions": 150,
      "deferred_predictions": 0,
      "immediate_predictions": 150,
      "total_inference_time": 0.1962721347808838,
      "total_lcm_time": 0.0,
      "average_inference_time": 0.0,
      "performance_improvement": 0.0,
      "estimated_speedup": 1.0
    },
    "high_performance_stats": {
      "total_predictions": 150,
      "deferred_predictions": 150,
      "immediate_predictions": 0,
      "total_inference_time": 0.6298842430114746,
      "total_lcm_time": 0.07501006126403809,
      "average_inference_time": 0.004199228286743164,
      "performance_improvement": 0.0,
      "lcm_details": {
        "total_predictions": 150,
        "immediate_lcm_count": 0,
        "deferred_lcm_count": 150,
        "total_inference_time": 0.6298842430114746,
        "total_lcm_time": 0.07501006126403809,
        "mode_switches": 0,
        "avg_inference_time": 0.004199228286743164,
        "avg_lcm_time": 0.0005000670750935873,
        "immediate_percentage": 0.0,
        "deferred_percentage": 100.0,
        "deferred_processor": {
          "total_processed": 50,
          "total_batches": 1,
          "average_batch_time": 0.006014823913574219,
          "queue_overflows": 0,
          "queue_size": 100,
          "is_running": true
        },
        "system_load": {
          "cpu_percent": 9.7,
          "memory_mb": 24387.203125,
          "memory_percent": 37.3
        }
      },
      "estimated_speedup": 1.9
    },
    "adaptive_stats": {
      "total_predictions": 190,
      "deferred_predictions": 180,
      "immediate_predictions": 10,
      "total_inference_time": 0.8147914409637451,
      "total_lcm_time": 0.11262726783752441,
      "average_inference_time": 0.004288376005072343,
      "performance_improvement": 0.0,
      "lcm_details": {
        "total_predictions": 190,
        "immediate_lcm_count": 10,
        "deferred_lcm_count": 180,
        "total_inference_time": 0.8147914409637451,
        "total_lcm_time": 0.11262726783752441,
        "mode_switches": 100,
        "avg_inference_time": 0.004288376005072343,
        "avg_lcm_time": 0.0005927750938817075,
        "immediate_percentage": 5.263157894736842,
        "deferred_percentage": 94.73684210526315,
        "deferred_processor": {
          "total_processed": 50,
          "total_batches": 1,
          "average_batch_time": 0.008996248245239258,
          "queue_overflows": 0,
          "queue_size": 130,
          "is_running": true
        },
        "system_load": {
          "cpu_percent": 4.8,
          "memory_mb": 24450.1015625,
          "memory_percent": 37.4
        }
      },
      "estimated_speedup": 1.8526315789473684
    }
  }
}